{"val/total_loss":-11.763129234313965,"train/nll_loss":-12.290133476257324,"train/total_loss":-12.290133476257324,"_wandb":{"runtime":112},"train/gradients/max_norm":184.95779418945312,"val/nll_loss":-11.763129234313965,"_runtime":92.652951044,"_step":950,"_timestamp":1.732864463450586e+09,"train/gradients/mean_norm":19.164714813232425}