{"train_kettle":1,"train_hl_critic_loss_1":0.016753794625401497,"train_hl_prior_divergence":0.3150371015071869,"train_hl_target_divergence":5,"train_bottom burner":0,"train_hl_policy_loss":0.00449721235781908,"train_hl_q_2":0.022503994405269623,"train_slide cabinet":0,"_step":99986,"train_top burner":0,"train_episode_reward":1,"_runtime":6104.097223924,"train_hl_alpha":0.0954967960715294,"train_hl_q_target":-0.035715796053409576,"_wandb":{"runtime":9679},"train_hl_q_1":-0.001222520717419684,"train_hl_critic_loss_2":0.016454651951789856,"train_hl_policy_entropy":0.917178988456726,"_timestamp":1.731050968293368e+09,"train_hl_pi_log_prob":-2.172384738922119,"train_light switch":0,"train_hl_alpha_loss":0.447500616312027,"train_microwave":0,"train_episode_length":280,"train_hinge cabinet":0}