{"train/gradients/mean_norm":0.0001470142015023157,"_runtime":22.81255046,"_step":0,"_wandb":{"runtime":71},"train/total_loss":80.68427276611328,"val/total_loss":8.471938133239746,"train/nll_loss":80.68427276611328,"_timestamp":1.7321609862635472e+09,"train/gradients/max_norm":0.0005459327367134392,"val/nll_loss":8.471938133239746}