{"train_policy_loss":0.14796246588230133,"train_q_target":-0.10546962171792984,"train_episode_reward":19.656537118974672,"train_prior_divergence":0.02952602505683899,"train_alpha_loss":0.8448573350906372,"train_pi_log_prob":10.806859970092772,"_wandb":{"runtime":315453},"train_episode_length":280,"train_alpha":0.8703179955482483,"train_q_1":-0.1187986060976982,"train_critic_loss_2":0.003347400575876236,"train_critic_loss_1":0.0032749956008046865,"train_policy_entropy":-1.69611918926239,"_runtime":315408.079305356,"train_q_2":-0.11734788864850998,"_timestamp":1.7339779465437274e+09,"_step":500,"train_target_divergence":1}