{"_wandb":{"runtime":55578},"train/total_loss":10.4213285446167,"_runtime":55197.593102782,"train/q_hat_loss_loss":9.499616622924805,"eval/results/verbose/mse/all100_std":0.0612939374634127,"val/kl_loss_loss":1.3780697584152222,"_timestamp":1.7310400520229118e+09,"train/gradients/mean_norm":0.4600743055343628,"val/q_hat_loss_breakdown":{"format":"png","count":1,"filenames":["media/images/val/q_hat_loss_breakdown_171510_b99e8a226b05cb42d7a1.png"],"_type":"images/separated","width":400,"height":400},"train/beta":0.0005,"train/rec_mse_loss":0.921049416065216,"train/gradients/max_norm":4.539440631866455,"_step":171514,"val/q_hat_loss_loss":11.960075378417969,"eval/results/verbose/mse/top100_std":0.005680567493867568,"val/rec_mse_loss":0.9212654829025269,"train/kl_loss_loss":1.324715495109558,"train/q_hat_loss_breakdown":{"width":400,"height":400,"format":"png","count":1,"filenames":["media/images/train/q_hat_loss_breakdown_171514_162a68a8bea4dbfcadfc.png"],"_type":"images/separated"},"eval/results/metric/mse/top100_mean":0.008377756152185611,"eval/results/verbose/mse/all100_mean":0.07434304901211362}