{"train/nll_loss":156.08111572265625,"val/nll_loss":9.136893272399902,"_timestamp":1.7328222021044931e+09,"_wandb":{"runtime":47},"val/total_loss":9.136893272399902,"train/gradients/max_norm":0.0005940372357144952,"_runtime":23.535208473,"_step":0,"train/gradients/mean_norm":0.00014462201215792447,"train/total_loss":156.08111572265625}