{"_step":55,"train_q_target":-0.1422291100025177,"train_alpha_loss":0.9593801498413086,"_wandb":{"runtime":315377},"train_alpha":0.9908897280693054,"_runtime":315377.719573505,"train_target_divergence":1,"train_q_2":-0.11598929017782211,"train_critic_loss_1":0.006286905147135258,"train_prior_divergence":0.03208690509200096,"_timestamp":1.733977846891998e+09,"train_policy_loss":0.15598668158054352,"train_pi_log_prob":9.19294548034668,"train_q_1":-0.11508703976869583,"train_policy_entropy":-1.4173566102981567,"train_critic_loss_2":0.006810081657022238}