{"_runtime":92.652951044,"val/nll_loss":-11.763129234313965,"train/nll_loss":-12.290133476257324,"_wandb":{"runtime":92},"train/gradients/max_norm":184.95779418945312,"_timestamp":1.732864463450586e+09,"train/total_loss":-12.290133476257324,"train/gradients/mean_norm":19.164714813232422,"val/total_loss":-11.763129234313965,"_step":950}