{"train_policy_entropy":-1.4188934564590454,"train_policy_loss":-0.8157365322113037,"train_alpha":0.10054358094930649,"train_pi_log_prob":9.019697189331055,"train_episode_length":160,"train_q_target":0.8623747229576111,"train_q_1":0.8483933806419373,"train_critic_loss_2":0.015165074728429317,"train_episode_reward":-6.745609924504022,"train_target_divergence":1,"_runtime":315769.31294889,"train_alpha_loss":0.07347067445516586,"train_avg_reward":14.850527364391935,"train_q_2":0.856600284576416,"_wandb":{"runtime":315769},"_timestamp":1.7339795324632888e+09,"_step":10000,"train_critic_loss_1":0.016582973301410675,"train_prior_divergence":0.26941946148872375}