{"train/beta":0.0005,"val/q_hat_loss_loss":11.960075378417969,"train/gradients/mean_norm":0.4600743055343628,"train/q_hat_loss_loss":9.499616622924805,"train/kl_loss_loss":1.324715495109558,"train/q_hat_loss_breakdown":{"height":400,"width":400,"_type":"images/separated","count":1,"filenames":["media/images/train/q_hat_loss_breakdown_168000_8ae2bb5107ae00f8e363.png"],"format":"png"},"train/gradients/max_norm":4.539440631866455,"val/rec_mse_loss":0.9212654829025269,"_runtime":51752.561306039,"train/rec_mse_loss":0.921049416065216,"eval/results/verbose/mse/all100_mean":0.07434304901211362,"eval/results/metric/mse/top100_mean":0.008377756152185611,"eval/results/verbose/mse/top100_std":0.005680567493867568,"train/total_loss":10.4213285446167,"val/q_hat_loss_breakdown":{"count":1,"filenames":["media/images/val/q_hat_loss_breakdown_171501_cbf14ce2a416f722adc7.png"],"_type":"images/separated","width":400,"height":400,"format":"png"},"_step":171501,"val/kl_loss_loss":1.3780697584152222,"_timestamp":1.7310364827337673e+09,"_wandb":{"runtime":51752},"eval/results/verbose/mse/all100_std":0.0612939374634127}