{"train/q_hat_loss_loss":9.416210174560549,"train/total_loss":10.337935447692873,"val/rec_mse_loss":0.9212654829025269,"train/beta":0.0005,"train/gradients/max_norm":4.279200553894043,"val/kl_loss_loss":1.3780697584152222,"val/q_hat_loss_breakdown":{"height":400,"width":400,"_type":"images/separated","count":1,"filenames":["media/images/val/q_hat_loss_breakdown_167021_a40357aa63de7c03e5f9.png"],"format":"png"},"eval/results/verbose/mse/all100_mean":0.07434304901211362,"eval/results/metric/mse/top100_mean":0.008377756152185611,"train/rec_mse_loss":0.9210094809532166,"train/q_hat_loss_breakdown":{"width":400,"_type":"images/separated","count":1,"filenames":["media/images/train/q_hat_loss_breakdown_167023_654927c5a571ee925c0f.png"],"format":"png","height":400},"_timestamp":1.7307760393001063e+09,"train/gradients/mean_norm":0.42948389053344727,"_step":167023,"train/kl_loss_loss":1.431796312332153,"eval/results/verbose/mse/top100_std":0.005680567493867568,"_wandb":{"runtime":29288},"val/q_hat_loss_loss":11.960075378417969,"eval/results/verbose/mse/all100_std":0.0612939374634127,"_runtime":28877.658726117}